id,labels,target_1,target_2,target_3,target_4,seq,pocket
ctg1_4534_AMP-binding.1,ctg1_4534_AMP-binding.1,"('A---FDAA-WE', (193, 203))","('ATIP', (240, 243))","('VVAGE', (262, 266))","('AYGPTETTVCA', (285, 295))",FAERVRRHPEAVALVHEDRTLSYAELDRRANRLARALIERGVGPEQVVALALDRSPELVVAMLAVLKAGAAYLPVDTSYPADRIAYLLTDAAPALVLTTAGSAGLIPDARTAPPLALDDPDTARWIEDRPDSALGPRELLGVVTPECAAYVIYTSGSTGRPKGVVVTHRGLAGLVTTHVERFGVGPGSRVLQFASPSFDAAVWETYMALLTGAALVLAPAERLRPGRALADLAAEQRVTHATIPPAALAVLDPGDLPTVRVLVVAGEAAAPELVQAWSTGRRMFNAYGPTETTVCASMSDPLEGTGPPPIGTAIGTARLRVLDGALRPVPPGVTGELYISGPCLARGYLGRPGVTAERFVADPFARGGSRMYRTGDLVRWRDGGEGAVLEFAGRADDQVKIR,AFDAAWEATIPVVAGEAYGPTETTVCA
ctg1_4534_AMP-binding.2,ctg1_4534_AMP-binding.2,"('T---FDVS-QE', (190, 200))","('LYAP', (237, 240))","('AQAGE', (265, 269))","('HYGPTESHVIT', (292, 302))",FQRQAHALPGTPAVVHGDTALSYAELNARANRLARLLLARGIGPEDVVGVALPRSVDLLVAVVAVVKAGAAYLPIDPGYPTERVSFMLADAAPAVVLTRGGVLPDGVRAPVLALDEPETAQALAAQRDTDPTDADRPRPLHPAAPVYVIHTSGSTGRPKGVVMPAGAMANLVAWHHDEIGGGAGTRVAQFTAISFDVSAQEILATLLTGKTLVVPDDAVRRDAAALTRWLEEHRINELYAPNLVVDAVAEAALESGAALAELRVIAQAGEALALTPRLRAFCAGRPGLRLHNHYGPTESHVITATTLPADPAEWPATAPIGRPVWNDRVYVLDDTLGPVPPGVVGELYLAGTGLARGYLRRPDRTAERFVADPFGPAGSRLYRTGDLVRWGKDGQLHFVGRADHQVKVR,TFDVSQELYAPAQAGEHYGPTESHVIT
ctg1_4534_AMP-binding.3,ctg1_4534_AMP-binding.3,"('A---FDAA-LE', (183, 193))","('AFLT', (230, 233))","('VVGGE', (252, 256))","('VYGPTETTCVA', (275, 285))",AGWAARTPDAPALLAGDRTWTFAELHARVERIARSLAARGAGPEKLVAVALPRSPELIVSLLAVVRTGAAYLPVNPELPGDRIGYMLDDARPALLLTSGPVAGRLPRTTVPTARYDALEAERTADAAVLPHNLSPQHPAYVIYTSGSTGRPKGVTVTHAGVARLCATLVERAGVGPGARVPQLASVSFDAAFLELAMSLLTGGALVVVPADRPASGQAYLDLCAEYGVTHAFLTPASLAALPEGGLPEGMEIVVGGESFGPELIGRWRHTVRLHNVYGPTETTCVAAMSGLLTDDAVPALGAPVADSRLHVLDTRLRPVPLGCVGELHIAGASLARGYLGRPGLTAAAYVADPFGPPGSRMYRSGDLVRRRADGELEFVGRTDDQVKLR,AFDAALEAFLTVVGGEVYGPTETTCVA
ctg1_4535_AMP-binding.1,ctg1_4535_AMP-binding.1,"('T---FDIA-LE', (188, 198))","('MQAT', (235, 238))","('LAGGE', (259, 263))","('LYGPTETTVWS', (283, 293))",FQAAVAADPAAVALVADGAEVSYGELDARANRLARLLAGLGVGPETRVAVALPRGTDLVATLLAVGRTGGAYIPLDPEYPAERVAYIMADAAPAVVVTDSSVTSVPPAGDAVRVLLDDPAVRDRLAALSGEDLGLAPVAGDHPAYTIYTSGSTGRPKGVVVTRDNLTNFVQDMRDRFGLRPGDRLAAVTTIAFDIAGLELYAPLVSGASVVLATRDQVIDVPRLAALLKSTGASVMQATPTLWQALVSQHPEALTGLRVLAGGEALPAGLAARLCELAPEVTNLYGPTETTVWSTAARLGGAGGDVPPSPAASAEGAASPTPSPLPSPSPGGTPSPTPSAAPGATPGGTPSPAPGGTPGAAPSPLPGGTPSPTPSAAPGAALGGTPGTFPGGTPGASPGGTPGASPGGAPGAVLGGAPGTFPGGTPGATPGGTPSPAAGGALGAALGAASGGTPSPASGGTPSPAPGGALGATPGGTPSPTLSGTLSPAANRAPVIGRPIASTQVYVLDAGLSPAPPGVLGDLYIAGRGVARGYAGRPDLTAERFVACPFGAPGTRMYRTGDVARWTDDGQLEFAGRTDDQVKVR,TFDIALEMQATLAGGELYGPTETTVWS
ctg1_4535_AMP-binding.2,ctg1_4535_AMP-binding.2,"('A---FDAA-AE', (187, 197))","('ATIP', (234, 237))","('LVAGE', (256, 260))","('AYGPTETTVCA', (279, 289))",AGQVARHPDAPAVVFEGGELSYAELDRRANRLAHVLCAEGAGPERFVALALPRSPEWPAAVLAVHKAGAAYLPLDPAYPADRLAYMLADARPGVVVTTRAVAATLPSTGSATVLVLDDEATAARVAGAPDTAPRVRLSVRHPAYVIYTSGSTGRPKGVVVPHAGVASLATGYAEALGLGPGSRVLQFASPSFDAAFAELCQSLPVGAALVMAPPERLDPGAPLAALLAEQGVTQATIPPAALGVMADGEVPAGTTLLVAGEATPPELAGRWSAGRRMVNAYGPTETTVCATISAPLSGVAEPPIGTPVPNTRVHVLDAGLRPVATGMAGELYIAGDGLARGYLGRPGTTAERFVADPHGPAGSRMYRTGDLAKWTRDGQLMFLGRTDEQVKL,AFDAAAEATIPLVAGEAYGPTETTVCA
ctg1_4535_AMP-binding.3,ctg1_4535_AMP-binding.3,"('S---FDMA-TS', (62, 72))","('CKVT', (101, 104))","('VIGGE', (125, 129))","('EYGPTEATVGC', (151, 161))",ASAGSAGSGGPRWRAQSPAYVIYTSGSTGRPKGVVVEHRAFAQYLDHAAEAYPSLAERALLHSPVSFDMAVTSLFGPLTTGGCVHVAELEQPADGRVRPAFCKVTPSHLPLLAGVDPECSPTRELVIGGEQLLGEALAPWRAAHPDVAVVNEYGPTEATVGCAVLRLEPGEETPSGAVPIGRPTPNTRLYVLDAGLRPAPRGAVGELYIGGGQLARGYLGRPALTAARFVADPFGAPGGRLYRTGDLARWRADGQLEYLGRVDQQVKVR,SFDMATSCKVTVIGGEEYGPTEATVGC
ctg1_4539_AMP-binding.1,ctg1_4539_AMP-binding.1,"('H---FDFS-WE', (191, 201))","('LNQT', (238, 241))","('VFGGE', (268, 272))","('MYGITETTVHV', (299, 309))",FEARVRECPEARAVSLGADALTYAELNARANALARLLVGRGAGPGRFVGLVLPRSIDLVVALLAVVKSGAAYVPIDPAYPADRIAYTIADVDLTLLVTGTGVEVALPEGVARVVLGDEAVRERLAALPGTDLTDADRPAPLLPAAPAYVIYTSGSTGRPKGVVVSHRNVVRLFAATRRWFPFAADEVWTLFHSYAFDFSVWELWGPLLHGGRLVVVPFEVSRSPERFLRLLADERVTFLNQTPSAFYQLVGADREDPATGDRLALRHVVFGGEALDLGRLADWYERHGEGAACAPLLVNMYGITETTVHVSHLALDRELAASGAGSLIGRGIPDLRVRVLDGALRPAPPGVAGEMYVAGAGVAQGYLKRPGLSASRFVADPFAGDGSRMYRTGDLARWTADGLLEYLGRADDQVKIR,HFDFSWELNQTVFGGEMYGITETTVHV
ctg1_4539_AMP-binding.2,ctg1_4539_AMP-binding.2,"('A---FDAA-YE', (191, 201))","('LHLT', (237, 240))","('LAGGD', (262, 266))","('TYGPTETTSFA', (288, 298))",FAERVAAAPDATALVAADSTAISYRELDRRANRLAHRLLAAGVGPESRVAVLQQRSVELVVSLLAVLKAGGAYVPLDARAPQTRWEQVMARTEPSVLLVDRAQPEPEFRHGATTVVVDEDPTGQSPAPDAPDAPADAAPDVAVHPERLAYVMFTSGSTGLPKGVAVTHRDLLAFALDGCFDAVAHRRVLLHAPHAFDAANYELWVPLLTGGTVVIAPPQDMDVRTLRRMITEHGVTGLHLTAGLFRVVAENDLDCLTGVRELLAGGDVVPGTAVRALLERFPGMVFKDTYGPTETTSFATCHRLTSADRVPDVVPIGIPLDNTRAHVLDDQLRRVPPGVVGELYLAGEGLARGYWRAPALSAERFVADPYGPAGSRMYRVGDLARWTGEGVLEFAGRADDQVKIR,AFDAAYELHLTLAGGDTYGPTETTSFA
ctg1_4539_AMP-binding.3,ctg1_4539_AMP-binding.3,"('S---FDAA-YE', (175, 185))","('LWLT', (221, 224))","('TAGGD', (246, 250))","('GYGPTETTTFA', (272, 282))",EAWAARTPHALAVTGAERLTYAELDARANRLAHRLRDAGVGAETPVAMVLERSADVVVATLAVTKAGGVYVPLHPSLPADRMRWILNETGAPVLLTDRADTAFADGARVLRVRDAGGGDPGSPDVPVHPDQLAYVMYTSGSTGTPKGVAVRHRDVVALASDRHWRTEAHRRILLHSPHAFDAASYELWVPLLSGGTVVVAPPGDLGPAELREVTERYGVTALWLTKGLFDLVAEERPDALAGLHTVTAGGDALSPALLRRVREACPGLVLANGYGPTETTTFATYHVLREADLAAGRAPIGAPLDRTRAYVLDGRLRPVPPGVAGELYVAGAGLARGYLNRPAMTAERFVACPYGAAGERMYRTGDLVRRRPDGVLEYLGRTDAQVKVR,SFDAAYELWLTTAGGDGYGPTETTTFA
ctg1_4539_AMP-binding.4,ctg1_4539_AMP-binding.4,"('T---FDIA-LE', (211, 221))","('VQAT', (258, 261))","('LVGGE', (282, 286))","('LYGPTETTIWS', (306, 316))",EAQAARTPSAVAVVSGGVELTYAQLDERANRLAALLAARGAGPERLVAVALPRSADLLVALLAVLKTGAAYLPLDPEHPKDRIGYTLRDARPTLALATSATAPLLAEGTPCGDGPAEGGAATGGAVAAGGVVGGVPALVLDDPATVAELAAAPTAAPGVVCSPDHPAYVIYTSGSTGRPKGVVVPHRGLSNFLDDMGERIGLGPADRLLAVTTVSFDIAALELYLPLLCGAGVVIADRDTVRDPAALLRLAEDTGAGIVQATPSLWQAMVTASPEGVRGLRVLVGGEALPEALATRLRASAAGLTNLYGPTETTIWSTAADLTDGHGVPSIGTPIANTRVYVLDDRLRPVAPGVPGELYIAGAGVVRGYHNRPALTAERFVACPFGGPGERMYRTGDIVRRTADGRLEFSGRADHQVKVR,TFDIALEVQATLVGGELYGPTETTIWS
ctg1_887_AMP-binding.1,ctg1_887_AMP-binding.1,"('A---WAYG-YF', (198, 208))","('FTAG', (244, 247))","('SAAGE', (271, 275))","('HYGSTECGMVV', (296, 306))",HPEDAVAFTVVGKDMTGHDMTYGELRDRSSRMAAALAALGVGVGDRVATLMGKSAELLVASLAIWRLGAVQVPLFTAFAPPAIAMRVTGNDTKIVITDAGQRPKLDPESGFPGERPWRIVTAGPVTGDDLSFAELVEGHAPLAEPVAVGGDGLIAELFTSGTSGTPKAVPIPLRAVASFTMYQEFGLDHRPTDVFWNAADPGWAYGLYFAIIGPLALGRRALLLNDLFSAESTWEVLSRFGVTNFTAGPTVYRKLRGSGIPAPGDLRLRCCSAAGEPLPPDVVDWAQETLGVPVRDHYGSTECGMVVAHAWHPALRDELKRGSMGRPLPGWEVKVLREDTNSALAATDAPGRVVVDIAESPLMWFTGYRDAPEQTAEKFSPDGRWFYTGDTASRDAEGDLFFSGRGDDVI,AWAYGYFFTAGSAAGEHYGSTECGMVV
ctg1_942_AMP-binding.1,ctg1_942_AMP-binding.1,"('H---FDFS-WE', (198, 208))","('LSQT', (245, 248))","('VFGGE', (275, 279))","('MYGITETTVHV', (303, 313))",FARQVRATPQATAVVCGDDTLSYAELDQAANRLARRLIALGVGPERLVALALPRSVEMVTAVLATLKAGGAYLPIDPEYPADRIEFTLRDATPALVITTTGTQHILSAQHTPSAHGLPVLAIDAPTTVAALAGEKPDPVTDADRLGPLTPRNQAYVIYTSGSTGTPKGVTVSHHNATRLFEALGSSVDYGPSQVWTLFHSYAFDFSVWEMWGALLHGGRLVVVPHETSRAPEKFLRLLVEERVTVLSQTPSAFSSLIDADGENPELGDQLVLRSVVFGGEALDPGRLVPWYARHADSAPKLINMYGITETTVHVTHRALSSQDAAPGRASVIGVPLPDLTAYVLDTALRPVPVGVPGELYVAGAGVARGYLGRPGLTASRFVADPFTRDGAGARMYRTGDVVRWRADGELEYLGRADDQVKIR,HFDFSWELSQTVFGGEMYGITETTVHV
ctg1_942_AMP-binding.2,ctg1_942_AMP-binding.2,"('A---FDAA-WE', (192, 202))","('ATLT', (239, 242))","('IVAGE', (261, 265))","('AYGPTESTVCA', (284, 294))",FARQVERVPEATAVVFGDRTLTYAELDAASNRLARLLIAEGAGPERIVALALPRSIDMVVAILAVLKTGAAYLPIDPEYPAERVEFMLQDATPALAVTTTALRPLFHDQPLTTVEYDAPETTHRLTEQNPAPITDTDRTHPLTPHNPAYVIYTSGSTGTPKGVTVSHTGTTHMVATQINTLTLAENNRVLQFASPSFDAAFWELWMALGSGATLVMADPQQLLPGAGLAETIAQYGVTHATLTPSTLAALPHEHLPTLTHLIVAGEACPPELAAQWAPGRQMLNAYGPTESTVCATMSPPLSNTDTSHPPIGRPIQGTNVYVLDAGLQPVPVGVPGELYLAGAGVARGYLGRPGLTASRFVADPFAPGGTGARMYRTGDVVRWRADGQLEYLGRADDQVKIR,AFDAAWEATLTIVAGEAYGPTESTVCA
ctg1_942_AMP-binding.3,ctg1_942_AMP-binding.3,"('A---FDAT-ME', (192, 202))","('ALIP', (238, 241))","('IVGGE', (260, 264))","('AYGPTESTICA', (283, 293))",FARQVQRVPDATAVVFADRTLTYTELDTASNRLARLLIAEGIGPERIVALALPKSADMIVAILAVLKTGAAYLPIDPHYPTSRKEFMLHDAAPTLIITTSHLHTTLNTPTTPILNLDTPTTTQRLATQHTTPVTDHDRLTPLHPHHPAYLIYTSGSTGTPKAVIVPHTGTAHLTTTQAHRLTINDHSRILQQASPSFDATVMELLMSLTTGATLVVPEHTPLAGEELEQAITTHKITHALIPPTVLSTLRPTHTPHLHTLIVGGEACPANLIAEWSATKRMVNAYGPTESTICATMSPPLSNTDTSHPPIGRPIHGTNAYVLDTGLQPVPVGVPGELYLAGAGVARGYLGRPGLTASRFVANPYAQGGADARMYRTGDMVRWRADGQLEYLGRADDQVKIR,AFDATMEALIPIVGGEAYGPTESTICA
ctg1_942_AMP-binding.4,ctg1_942_AMP-binding.4,"('S---FDAS-YE', (190, 200))","('MWLT', (236, 239))","('WTGGD', (261, 265))","('GYGPTETTTFA', (287, 297))",FARQVERVPEATAVVSGDRTLTYAELDAASNRLARLLIAEGAGPERIIALALPRSIELVVAVLAVLKTGAAYLPIDPAYPAERVEFMLQDATPALAVTTTALRPVFHDQPLTTVEYDAPGTTRRLAEQSPAALTDADRTHPLTPLNQAYVIYTSGSTGTPKGVAVSHGNVVDLATDPRFANGCHERVLVHSPATFDASTYELYAPLLGGRTAVLAPAQRLEPAAIERLVARHGVTAMWLTAGLFQAIAEAAPESLAQLREVWTGGDIVPADAVRRVRSACPRLTVVDGYGPTETTTFATSHRIAAADRLDHSIPIGRPMAGSTVYVLDTGLRPVPVGVPGELYVAGAGVARGYLGRPGLTASRFVADPFTRDDTGARMYRTGDVVRWRADGELEYLGRADDQVKIR,SFDASYEMWLTWTGGDGYGPTETTTFA
ctg1_942_AMP-binding.5,ctg1_942_AMP-binding.5,"('T---FDVS-QE', (192, 202))","('LFAP', (239, 242))","('IQAGE', (267, 271))","('NYGPTETHVAT', (294, 304))",FARQVERVPEATAVVFGDRTLTYAELDAASNRLARLLIAEGAGPERIIALALPRSIDMIVAVLAVLKTGAAYLPIDPEHPAQRVEFMLHDAAPTVVVSVSALRDAIEGLGVPVLELDHVETRRQVTDRDTAPLSITDGVQPSDPLNPAYVIYTSGSTGTPKAVVMSSGAVVNLLRWHAMTVPGGVGTRTAQFTALSFDVSVQETLSALVTGKTLVIPPDTTRRDAAALTQWLHEHHITELFAPHLVIEAVCQAANETHLHLPHLQHLIQAGEALALTEPLREFFLHHPTAQLHNNYGPTETHVATAHTLPTPHTWHETTAPIGHPIHTTSAYVLDRHLQPVPVGVPGELYLAGAGVARGYLGRPGLTASRFIANPFAQGGTGARMYRTGDIVRWRADGQLEYLGRADDQVKIR,TFDVSQELFAPIQAGENYGPTETHVAT
ctg1_942_AMP-binding.6,ctg1_942_AMP-binding.6,"('A---FDAT-ME', (192, 202))","('ALIP', (238, 241))","('IVGGE', (260, 264))","('AYGPTESTICA', (283, 293))",FARQVQRVPDATAVVFADRTLTYTELDTASNQLARLLIAEGIGPERIVALALPKSADMIVAILAVLKTGAAYLPIDPHYPTSRKEFMLHDAAPTLIITTSHLHTTLNTPTTPVLNLDTPTTTQRLTTQHTTPVTDHDRLTPLHPHHPAYLIYTSGSTGTPKAVIVPHTGTANLTTTQAHRLTINDHSRILQQASPSFDATVMELLMSLTTGATLVVPEHTPLAGEELEQALSTHKITHALIPPTVLSTLRPTHTPHLHTLIVGGEACPANLIAQWSATKRMVNAYGPTESTICATMSPPLSNTDTSHPPIGRPIQGTNAYVLDTGLQPVPVGVPGELYLAGAGVARGYLGRSGLTASRFVADPFSQDPTGARMYRTGDMVRWRADGQLEYLGRADDQVKIR,AFDATMEALIPIVGGEAYGPTESTICA
ctg1_942_AMP-binding.7,ctg1_942_AMP-binding.7,"('A---FDAA-SE', (192, 202))","('ATLT', (239, 242))","('IVAGE', (261, 265))","('AYGPTESTVCA', (284, 294))",FARQVERVPEATAVMFGDRTLTYAELDAASNRLARLLIAEGAGPERIIALALPRSIDLVVAILAVLKTGAAYLPIDPNYPTERVAYMLHDATPALALTTTALRPLFHDQPLTTVEYDAPKTTHRLTEQNPAPITDTDRTHPLTPHNPAYVIYTSGSTGTPKGVTVPHTGTTHMVATQINTLTLSENNRVLQFASPSFDAAFSELWMALGSGATLVMADPQRLLPGAGLAETIAQYGVTHATLTPSTLAAVPHEHLPTLTHLIVAGEACPPELAAQWAPGRQMLNAYGPTESTVCATMSPPLSATDTSLPPIGRPIQGTNAYVLDRRLQPVPVGVPGELYIAGAGVARGYLGRPGLTASRFIADPYTPNVTGARMYRTGDMVRWRADGQLEYLGRADDQVKIR,AFDAASEATLTIVAGEAYGPTESTVCA
ctg1_942_AMP-binding.8,ctg1_942_AMP-binding.8,"('T---FDVS-QE', (192, 202))","('LFAP', (239, 242))","('IQAGE', (267, 271))","('NYGPTETHVAT', (294, 304))",FARQVEQVPEATAVVFGDRALTYAELDAASNRLARLLIAEGAGPERIIALALPRSIDMIVAVLAVLKTGAAYLPIDPEHPAQRVEFMLHDAAPALALTTTALRPVFHDQSLTTVEYDAPGTTRRLAEQSPAPITDTDRTHHLTPLNPAYVIYTSGSTGTPKAVVMSSGAVVNLLRWHAMTVPGGVGTRTAQFTALSFDVSVQETLSALVTGKTLVIPPDTTRRDAAALTQWLHEHHITELFAPHLVIEAVCQAANETHLHLPHLQHLIQAGEALTLTEPLREFLLHHPTAQLHNNYGPTETHVATAHTLPTPHTWHETTAPIGHPIHTTSAYILDRHLQPVPVGVPGELYLAGAGVARGYLGRPGLTASRFIANPFAQGGTGARMYRTGDIVRWRADGQLEYLGRADDQVKIR,TFDVSQELFAPIQAGENYGPTETHVAT
